<?xml version="1.0" encoding="UTF-8"?>
<project version="4">
  <component name="BookmarksTool">
    <option name="myTreeState">
      <TreeState>
        <option name="expansion">
          <list>
            <option value="/" />
          </list>
        </option>
      </TreeState>
    </option>
  </component>
  <component name="ChangeListManager">
    <list default="true" id="f41a2951-689d-4716-9185-b1f6bc34d271" name="Default" comment="" />
    <ignored path="sampleJavaExtensions.iws" />
    <ignored path=".mps/workspace.xml" />
    <option name="TRACKING_ENABLED" value="true" />
    <option name="SHOW_DIALOG" value="false" />
    <option name="HIGHLIGHT_CONFLICTS" value="true" />
    <option name="HIGHLIGHT_NON_ACTIVE_CHANGELIST" value="false" />
    <option name="LAST_RESOLUTION" value="IGNORE" />
  </component>
  <component name="ChangesViewManager" flattened_view="true" show_ignored="false" />
  <component name="ConsoleHistory">
    <option name="state" value="&lt;?xml version=&quot;1.0&quot; encoding=&quot;UTF-8&quot;?&gt;&#10;&lt;model modelUID=&quot;r:21b41111-7307-4b4c-b2c6-8f6458bfa076(TempModel_1399821718584214000)&quot;&gt;&#10;  &lt;persistence version=&quot;8&quot; /&gt;&#10;  &lt;language namespace=&quot;de1ad86d-6e50-4a02-b306-d4d17f64c375(jetbrains.mps.console.base)&quot; /&gt;&#10;  &lt;language namespace=&quot;1a8554c4-eb84-43ba-8c34-6f0d90c6e75a(jetbrains.mps.console.blCommand)&quot; /&gt;&#10;  &lt;language namespace=&quot;a5e4de53-46a3-44da-aab3-68fdf1c34ed0(jetbrains.mps.console.ideCommands)&quot; /&gt;&#10;  &lt;language namespace=&quot;995a7394-7f76-4b8b-a929-c53448708106(jetbrains.mps.console.internalCommands)&quot; /&gt;&#10;  &lt;devkit namespace=&quot;fbc25dd2-5da4-483a-8b19-70928e1b62d7(jetbrains.mps.devkit.general-purpose)&quot; /&gt;&#10;  &lt;import index=&quot;eynw&quot; modelUID=&quot;r:359b1d2b-77c4-46df-9bf2-b25cbea32254(jetbrains.mps.console.base.structure)&quot; version=&quot;0&quot; implicit=&quot;yes&quot; /&gt;&#10;  &lt;root type=&quot;eynw.ConsoleRoot&quot; typeId=&quot;eynw.1583916890557930028&quot; id=&quot;6109676433663127867&quot; nodeInfo=&quot;ng&quot;&gt;&#10;    &lt;node role=&quot;history&quot; roleId=&quot;eynw.1583916890557930415&quot; type=&quot;eynw.History&quot; typeId=&quot;eynw.757553790980850366&quot; id=&quot;4855465472879653025&quot; nodeInfo=&quot;ng&quot; /&gt;&#10;    &lt;node role=&quot;commandHolder&quot; roleId=&quot;eynw.1583916890557930417&quot; type=&quot;eynw.CommandHolder&quot; typeId=&quot;eynw.351968380916615243&quot; id=&quot;6109676433663127868&quot; nodeInfo=&quot;ng&quot; /&gt;&#10;  &lt;/root&gt;&#10;&lt;/model&gt;&#10;&#10;" />
  </component>
  <component name="CreatePatchCommitExecutor">
    <option name="PATCH_PATH" value="" />
  </component>
  <component name="DefaultSearchOptions2">
    <search_options>
      <option class_name="jetbrains.mps.ide.findusages.view.optionseditor.options.ViewOptions">
        <flags show_one_result="true" new_tab="false" />
      </option>
      <option class_name="jetbrains.mps.ide.findusages.view.optionseditor.options.ScopeOptions">
        <scope_type scope_type="PROJECT" module="&lt;default&gt;" model="&lt;default&gt;" />
      </option>
    </search_options>
  </component>
  <component name="ExecutionTargetManager" SELECTED_TARGET="default_target" />
  <component name="FileEditorManager">
    <leaf>
      <file leaf-file-name="TestSingleton" pinned="false" current="true" current-in-tab="true">
        <entry file="mps://node://Singleton.sandbox/Singleton.sandbox/TestSingleton">
          <provider selected="true" editor-type-id="MPSFileEditor">
            <state class="jetbrains.mps.ide.editor.BaseNodeEditor$BaseEditorState">
              <memento viewPositionX="0" viewPositionY="0">
                <selectionStack>
                  <stackElement className="jetbrains.mps.nodeEditor.selection.EditorCellLabelSelection">
                    <property name="hasNonTrivialSelection" value="false" />
                    <property name="caretXRelative" value="8" />
                    <property name="caretX" value="177" />
                    <property name="sideSelectDirection" value="NONE" />
                    <cellInfo cellId="Constant_arlg9k_c0" cellNumber="0" isInList="false">
                      <node node_reference="r:6f076065-7ced-4969-b762-33ac7955c9d8(Singleton.sandbox)/6109676433665453922" />
                    </cellInfo>
                  </stackElement>
                </selectionStack>
                <folded />
                <enabledHints />
              </memento>
              <inspectorMemento viewPositionX="0" viewPositionY="-5">
                <selectionStack />
                <folded />
                <enabledHints />
              </inspectorMemento>
            </state>
          </provider>
        </entry>
      </file>
      <file leaf-file-name="NewTestFactory" pinned="false" current="false" current-in-tab="false">
        <entry file="mps://node://Singleton.sandbox/Singleton.sandbox/NewTestFactory">
          <provider selected="true" editor-type-id="MPSFileEditor">
            <state class="jetbrains.mps.ide.editor.BaseNodeEditor$BaseEditorState">
              <memento viewPositionX="0" viewPositionY="0">
                <selectionStack>
                  <stackElement className="jetbrains.mps.nodeEditor.selection.EditorCellLabelSelection">
                    <property name="hasNonTrivialSelection" value="false" />
                    <property name="caretXRelative" value="104" />
                    <property name="caretX" value="119" />
                    <property name="sideSelectDirection" value="NONE" />
                    <cellInfo cellId="Constant_uiib9y_a0" cellNumber="0" isInList="false">
                      <node node_reference="r:6f076065-7ced-4969-b762-33ac7955c9d8(Singleton.sandbox)/6109676433664987586" />
                    </cellInfo>
                  </stackElement>
                </selectionStack>
                <folded />
                <enabledHints />
              </memento>
              <inspectorMemento viewPositionX="0" viewPositionY="-5">
                <selectionStack />
                <folded />
                <enabledHints />
              </inspectorMemento>
            </state>
          </provider>
        </entry>
      </file>
      <file leaf-file-name="SingletonFactory" pinned="false" current="false" current-in-tab="false">
        <entry file="mps://node://Singleton/Singleton.structure/SingletonFactory">
          <provider selected="true" editor-type-id="MPSFileEditor">
            <state class="jetbrains.mps.ide.editorTabs.TabbedEditor$TabbedEditorState">
              <memento viewPositionX="0" viewPositionY="0">
                <selectionStack />
                <folded />
                <enabledHints />
              </memento>
              <inspectorMemento viewPositionX="0" viewPositionY="-5">
                <selectionStack />
                <folded />
                <enabledHints />
              </inspectorMemento>
              <node node_ref="r:f007d472-b245-4dac-a43d-8e60e9d4c219(Singleton.generator.template.main@generator)/6109676433665017689" />
            </state>
          </provider>
        </entry>
      </file>
    </leaf>
  </component>
  <component name="MPSBookmarkManager">
    <option name="myBookmarkInfos">
      <array>
        <BookmarkInfo />
        <BookmarkInfo />
        <BookmarkInfo />
        <BookmarkInfo />
        <BookmarkInfo />
        <BookmarkInfo />
        <BookmarkInfo />
        <BookmarkInfo />
        <BookmarkInfo />
        <BookmarkInfo />
      </array>
    </option>
  </component>
  <component name="MessagesViewTool">
    <option name="autoscrollToSource" value="true" />
    <option name="info" value="true" />
    <option name="warnings" value="true" />
  </component>
  <component name="ProjectFrameBounds">
    <option name="x" value="1" />
    <option name="y" value="22" />
    <option name="width" value="1279" />
    <option name="height" value="774" />
  </component>
  <component name="ProjectLevelVcsManager" settingsEditedManually="false">
    <OptionsSetting value="true" id="Add" />
    <OptionsSetting value="true" id="Remove" />
    <OptionsSetting value="true" id="Checkout" />
    <OptionsSetting value="true" id="Update" />
    <OptionsSetting value="true" id="Status" />
    <OptionsSetting value="true" id="Edit" />
    <ConfirmationsSetting value="0" id="Add" />
    <ConfirmationsSetting value="0" id="Remove" />
  </component>
  <component name="ProjectPluginManager">
    <option name="pluginsState">
      <option name="com.mbeddr.analyses.cbmc.pluginSolution.plugin.PluginSolution_ProjectPlugin">
        <value>
          <PluginState />
        </value>
      </option>
      <option name="com.mbeddr.analyses.nusmv.statemachine.pluginSolution.plugin.PluginSolution_ProjectPlugin">
        <value>
          <PluginState />
        </value>
      </option>
      <option name="com.mbeddr.analyses.yices.dectab.pluginSolution.plugin.PluginSolution_ProjectPlugin">
        <value>
          <PluginState />
        </value>
      </option>
      <option name="com.mbeddr.analyses.yices.fm.pluginSolution.plugin.PluginSolution_ProjectPlugin">
        <value>
          <PluginState />
        </value>
      </option>
      <option name="com.mbeddr.core.base.pluginSolution.plugin.PluginSolution_ProjectPlugin">
        <value>
          <PluginState>
            <option name="myComponentsState">
              <list>
                <ComponentState>
                  <option name="first" value="com.mbeddr.core.base.pluginSolution.plugin.mbeddrPreferences_PreferencesComponent" />
                  <params>
                    <option name="mbeddrMenuEnabled" value="true" />
                  </params>
                </ComponentState>
              </list>
            </option>
          </PluginState>
        </value>
      </option>
      <option name="com.mbeddr.core.runconfiguration.pluginSolution.plugin.PluginSolution_ProjectPlugin">
        <value>
          <PluginState />
        </value>
      </option>
      <option name="com.mbeddr.core.util.pluginSolution.plugin.PluginSolution_ProjectPlugin">
        <value>
          <PluginState>
            <option name="myComponentsState">
              <list>
                <ComponentState>
                  <option name="first" value="com.mbeddr.core.util.pluginSolution.plugin.AnalyzeDataflowProperty_PreferencesComponent" />
                  <params>
                    <option name="isAnalzeDataflow" value="false" />
                    <option name="executeMissingReturnsAnalysis" value="false" />
                    <option name="executeUninitializedReadsAnalysis" value="false" />
                    <option name="executeUnreachableCodeAnalysis" value="false" />
                    <option name="executeUnusedAssignmentsAnalysis" value="false" />
                    <option name="executeUnusedVariablesAnalysis" value="false" />
                    <option name="executeCustomAnalyses" value="false" />
                  </params>
                </ComponentState>
              </list>
            </option>
          </PluginState>
        </value>
      </option>
      <option name="com.mbeddr.mpsutil.typesystem.trace.rt.plugin.Rt_ProjectPlugin">
        <value>
          <PluginState />
        </value>
      </option>
      <option name="com.mbeddr.plantuml.pluginSolution.plugin.PluginSolution_ProjectPlugin">
        <value>
          <PluginState />
        </value>
      </option>
      <option name="jetbrains.mps.baseLanguage.pluginSolution.plugin.PluginSolution_ProjectPlugin">
        <value>
          <PluginState />
        </value>
      </option>
      <option name="jetbrains.mps.execution.configurations.implementation.plugin.plugin.Plugin_ProjectPlugin">
        <value>
          <PluginState />
        </value>
      </option>
      <option name="jetbrains.mps.execution.configurations.pluginSolution.plugin.PluginSolution_ProjectPlugin">
        <value>
          <PluginState />
        </value>
      </option>
      <option name="jetbrains.mps.ide.actions.Ide_ProjectPlugin">
        <value>
          <PluginState>
            <option name="myComponentsState">
              <list>
                <ComponentState>
                  <option name="first" value="jetbrains.mps.ide.actions.BehaviorDialogsPersistentOptions_PreferencesComponent" />
                  <params>
                    <option name="addReturnsOnImplement" value="false" />
                    <option name="sortAlphabetically" value="false" />
                    <option name="removeAttributes" value="true" />
                  </params>
                </ComponentState>
              </list>
            </option>
          </PluginState>
        </value>
      </option>
      <option name="jetbrains.mps.ide.devkit.actions.Mpsdevkit_ProjectPlugin">
        <value>
          <PluginState />
        </value>
      </option>
      <option name="jetbrains.mps.quickQueryLanguage.pluginSolution.plugin.PluginSolution_ProjectPlugin">
        <value>
          <PluginState />
        </value>
      </option>
      <option name="jetbrains.mps.uiLanguage.pluginSolution.plugin.PluginSolution_ProjectPlugin">
        <value>
          <PluginState />
        </value>
      </option>
    </option>
  </component>
  <component name="ProjectReloadState">
    <option name="STATE" value="0" />
  </component>
  <component name="ProjectView">
    <navigator currentView="ProjectPane" proportions="" version="1" splitterProportion="0.5">
      <flattenPackages />
      <showMembers />
      <showModules />
      <showLibraryContents />
      <hideEmptyPackages />
      <abbreviatePackageNames />
      <autoscrollToSource />
      <autoscrollFromSource />
      <sortByType />
    </navigator>
    <panes>
      <pane id="ProjectPane">
        <subPane>
          <PATH>
            <PATH_ELEMENT USER_OBJECT="Empty">
              <option name="myItemId" value="" />
              <option name="myItemType" value="" />
            </PATH_ELEMENT>
          </PATH>
          <PATH>
            <PATH_ELEMENT USER_OBJECT="Empty">
              <option name="myItemId" value="" />
              <option name="myItemType" value="" />
            </PATH_ELEMENT>
            <PATH_ELEMENT USER_OBJECT="Project">
              <option name="myItemId" value="" />
              <option name="myItemType" value="" />
            </PATH_ELEMENT>
          </PATH>
        </subPane>
      </pane>
      <pane id="Favorites" />
      <pane id="FileSystem" />
    </panes>
  </component>
  <component name="PropertiesComponent">
    <property name="GoToFile.includeJavaFiles" value="false" />
    <property name="GoToClass.toSaveIncludeLibraries" value="false" />
    <property name="recentsLimit" value="5" />
    <property name="MemberChooser.sorted" value="false" />
    <property name="MemberChooser.showClasses" value="true" />
    <property name="GoToClass.includeLibraries" value="false" />
    <property name="MemberChooser.copyJavadoc" value="false" />
  </component>
  <component name="RunManager" selected="Java Application.Class MoneySample">
    <configuration default="false" name="Class MoneySample" type="Java Application" factoryName="Java" temporary="true">
      <MyState />
      <myNode>
        <MyState>
          <option name="myNodeId" value="3385910400465347285" />
          <option name="myModelId" value="r:e4037414-5f44-49d5-a48e-7fa4d3a4ee2e(Samples)" />
        </MyState>
      </myNode>
      <myRunParameters>
        <MyState>
          <option name="myJavaRunParameters">
            <JavaRunParameters>
              <option name="jrePath" />
              <option name="programParameters" />
              <option name="useAlternativeJre" value="false" />
              <option name="vmOptions" />
              <option name="workingDirectory" />
            </JavaRunParameters>
          </option>
        </MyState>
      </myRunParameters>
      <RunnerSettings RunnerId="Default Runner" />
      <ConfigurationWrapper RunnerId="Default Runner" />
      <method />
    </configuration>
    <configuration default="true" type="Java Application" factoryName="Java">
      <MyState />
      <myNode>
        <MyState>
          <option name="myNodeId" />
          <option name="myModelId" />
        </MyState>
      </myNode>
      <myRunParameters>
        <MyState>
          <option name="myJavaRunParameters">
            <JavaRunParameters>
              <option name="jrePath" />
              <option name="programParameters" />
              <option name="useAlternativeJre" value="false" />
              <option name="vmOptions" />
              <option name="workingDirectory" />
            </JavaRunParameters>
          </option>
        </MyState>
      </myRunParameters>
      <method />
    </configuration>
    <configuration default="true" type="JUnit Tests" factoryName="JUnit Tests">
      <MyState />
      <myJUnitSettings>
        <MyState>
          <option name="myModel" />
          <option name="myModule" />
          <option name="myTestCases">
            <list />
          </option>
          <option name="myTestMethods">
            <list />
          </option>
          <option name="myRunType" />
        </MyState>
      </myJUnitSettings>
      <myJavaRunParameters>
        <MyState>
          <option name="myJavaRunParameters">
            <JavaRunParameters>
              <option name="jrePath" />
              <option name="programParameters" />
              <option name="useAlternativeJre" value="false" />
              <option name="vmOptions" />
              <option name="workingDirectory" />
            </JavaRunParameters>
          </option>
        </MyState>
      </myJavaRunParameters>
      <method />
    </configuration>
    <list size="1">
      <item index="0" class="java.lang.String" itemvalue="Java Application.Class MoneySample" />
    </list>
    <configuration name="&lt;template&gt;" type="Application" default="true" selected="false">
      <option name="MAIN_CLASS_NAME" />
      <option name="VM_PARAMETERS" />
      <option name="PROGRAM_PARAMETERS" />
      <option name="WORKING_DIRECTORY" value="$PROJECT_DIR$" />
    </configuration>
    <configuration name="&lt;template&gt;" type="Applet" default="true" selected="false">
      <option name="MAIN_CLASS_NAME" />
      <option name="HTML_FILE_NAME" />
      <option name="HTML_USED" value="false" />
      <option name="WIDTH" value="400" />
      <option name="HEIGHT" value="300" />
      <option name="POLICY_FILE" value="$APPLICATION_HOME_DIR$/bin/appletviewer.policy" />
      <option name="VM_PARAMETERS" />
    </configuration>
    <configuration name="&lt;template&gt;" type="JUnit" default="true" selected="false">
      <option name="MAIN_CLASS_NAME" />
      <option name="VM_PARAMETERS" value="-ea" />
      <option name="PARAMETERS" />
      <option name="WORKING_DIRECTORY" value="$PROJECT_DIR$" />
    </configuration>
    <configuration name="&lt;template&gt;" type="TestNG" default="true" selected="false">
      <option name="MAIN_CLASS_NAME" />
      <option name="VM_PARAMETERS" value="-ea" />
      <option name="PARAMETERS" />
      <option name="WORKING_DIRECTORY" value="$PROJECT_DIR$" />
    </configuration>
    <configuration name="&lt;template&gt;" type="#org.jetbrains.idea.devkit.run.PluginConfigurationType" default="true" selected="false">
      <option name="VM_PARAMETERS" value="-Xmx512m -Xms256m -XX:MaxPermSize=250m" />
    </configuration>
    <configuration name="&lt;template&gt;" type="WebApp" default="true" selected="false">
      <Host>localhost</Host>
      <Port>5050</Port>
    </configuration>
  </component>
  <component name="ShelveChangesManager" show_recycled="false" />
  <component name="SvnConfiguration" maxAnnotateRevisions="500" myUseAcceleration="nothing" myAutoUpdateAfterCommit="false" cleanupOnStartRun="false" SSL_PROTOCOLS="sslv3">
    <option name="USER" value="" />
    <option name="PASSWORD" value="" />
    <option name="mySSHConnectionTimeout" value="30000" />
    <option name="mySSHReadTimeout" value="30000" />
    <option name="LAST_MERGED_REVISION" />
    <option name="MERGE_DRY_RUN" value="false" />
    <option name="MERGE_DIFF_USE_ANCESTRY" value="true" />
    <option name="UPDATE_LOCK_ON_DEMAND" value="false" />
    <option name="IGNORE_SPACES_IN_MERGE" value="false" />
    <option name="CHECK_NESTED_FOR_QUICK_MERGE" value="false" />
    <option name="IGNORE_SPACES_IN_ANNOTATE" value="true" />
    <option name="SHOW_MERGE_SOURCES_IN_ANNOTATE" value="true" />
    <option name="FORCE_UPDATE" value="false" />
    <option name="IGNORE_EXTERNALS" value="false" />
    <configuration useDefault="false">$USER_HOME$/.subversion</configuration>
    <myIsUseDefaultProxy>false</myIsUseDefaultProxy>
  </component>
  <component name="ToolWindowManager">
    <frame x="1" y="22" width="1279" height="774" extended-state="0" />
    <editor active="false" />
    <layout>
      <window_info id="Search" active="false" anchor="right" auto_hide="false" internal_type="DOCKED" type="DOCKED" visible="false" weight="0.33" sideWeight="0.5" order="9" side_tool="false" content_ui="tabs" />
      <window_info id="Changes" active="false" anchor="bottom" auto_hide="false" internal_type="DOCKED" type="DOCKED" visible="false" weight="0.33" sideWeight="0.5" order="22" side_tool="false" content_ui="tabs" />
      <window_info id="Usages" active="false" anchor="bottom" auto_hide="false" internal_type="DOCKED" type="DOCKED" visible="false" weight="0.32986626" sideWeight="0.44585988" order="0" side_tool="false" content_ui="tabs" />
      <window_info id="Switch Verification Tool" active="false" anchor="right" auto_hide="false" internal_type="DOCKED" type="DOCKED" visible="false" weight="0.33" sideWeight="0.5" order="0" side_tool="false" content_ui="tabs" />
      <window_info id="Type System Performance Data" active="false" anchor="bottom" auto_hide="false" internal_type="DOCKED" type="DOCKED" visible="false" weight="0.33" sideWeight="0.5" order="1" side_tool="false" content_ui="tabs" />
      <window_info id="Supertypes" active="false" anchor="right" auto_hide="false" internal_type="DOCKED" type="DOCKED" visible="false" weight="0.33" sideWeight="0.5" order="1" side_tool="false" content_ui="tabs" />
      <window_info id="Output" active="false" anchor="bottom" auto_hide="false" internal_type="DOCKED" type="DOCKED" visible="false" weight="0.33" sideWeight="0.5" order="2" side_tool="false" content_ui="tabs" />
      <window_info id="mbeddr Visualization" active="false" anchor="right" auto_hide="false" internal_type="DOCKED" type="DOCKED" visible="false" weight="0.33" sideWeight="0.5" order="2" side_tool="false" content_ui="tabs" />
      <window_info id="State Machine Verification (NuSMV)" active="false" anchor="right" auto_hide="false" internal_type="DOCKED" type="DOCKED" visible="false" weight="0.33" sideWeight="0.5" order="3" side_tool="false" content_ui="tabs" />
      <window_info id="Event Log" active="false" anchor="bottom" auto_hide="false" internal_type="DOCKED" type="DOCKED" visible="false" weight="0.33" sideWeight="0.5" order="3" side_tool="true" content_ui="tabs" />
      <window_info id="mbeddr Analyze Error Output" active="false" anchor="bottom" auto_hide="false" internal_type="DOCKED" type="DOCKED" visible="false" weight="0.33" sideWeight="0.5" order="6" side_tool="false" content_ui="tabs" />
      <window_info id="Console" active="false" anchor="bottom" auto_hide="false" internal_type="DOCKED" type="DOCKED" visible="false" weight="0.33" sideWeight="0.5" order="5" side_tool="false" content_ui="tabs" />
      <window_info id="Migration" active="false" anchor="bottom" auto_hide="false" internal_type="DOCKED" type="DOCKED" visible="false" weight="0.33" sideWeight="0.5" order="4" side_tool="false" content_ui="tabs" />
      <window_info id="Version Control" active="false" anchor="bottom" auto_hide="false" internal_type="DOCKED" type="DOCKED" visible="false" weight="0.33" sideWeight="0.5" order="7" side_tool="false" content_ui="tabs" />
      <window_info id="Replacement" active="false" anchor="bottom" auto_hide="false" internal_type="DOCKED" type="DOCKED" visible="false" weight="0.33" sideWeight="0.5" order="8" side_tool="false" content_ui="tabs" />
      <window_info id="Feature Model Verification (Yices)" active="false" anchor="right" auto_hide="false" internal_type="DOCKED" type="DOCKED" visible="false" weight="0.33" sideWeight="0.5" order="4" side_tool="false" content_ui="tabs" />
      <window_info id="Model Checker" active="false" anchor="bottom" auto_hide="false" internal_type="DOCKED" type="DOCKED" visible="false" weight="0.32986626" sideWeight="0.5" order="9" side_tool="false" content_ui="tabs" />
      <window_info id="TODO" active="false" anchor="bottom" auto_hide="false" internal_type="DOCKED" type="DOCKED" visible="false" weight="0.33" sideWeight="0.5" order="29" side_tool="false" content_ui="tabs" />
      <window_info id="Bookmarks" active="false" anchor="bottom" auto_hide="false" internal_type="DOCKED" type="DOCKED" visible="false" weight="0.33" sideWeight="0.5" order="10" side_tool="false" content_ui="tabs" />
      <window_info id="Generation Tracer" active="false" anchor="bottom" auto_hide="false" internal_type="DOCKED" type="DOCKED" visible="false" weight="0.33" sideWeight="0.5" order="11" side_tool="false" content_ui="tabs" />
      <window_info id="Project" active="true" anchor="left" auto_hide="false" internal_type="DOCKED" type="DOCKED" visible="true" weight="0.2531847" sideWeight="0.78008914" order="0" side_tool="false" content_ui="combo" />
      <window_info id="Hierarchy" active="false" anchor="right" auto_hide="false" internal_type="DOCKED" type="DOCKED" visible="false" weight="0.27899432" sideWeight="0.6701337" order="12" side_tool="false" content_ui="combo" />
      <window_info id="Run" active="false" anchor="bottom" auto_hide="false" internal_type="DOCKED" type="DOCKED" visible="false" weight="0.32986626" sideWeight="0.5" order="25" side_tool="false" content_ui="tabs" />
      <window_info id="RefactoringView" active="false" anchor="bottom" auto_hide="false" internal_type="DOCKED" type="DOCKED" visible="false" weight="0.33" sideWeight="0.5" order="12" side_tool="false" content_ui="tabs" />
      <window_info id="Classpath Explorer" active="false" anchor="bottom" auto_hide="false" internal_type="DOCKED" type="DOCKED" visible="false" weight="0.33" sideWeight="0.5" order="13" side_tool="false" content_ui="tabs" />
      <window_info id="Inspector" active="false" anchor="bottom" auto_hide="false" internal_type="DOCKED" type="DOCKED" visible="false" weight="0.21991085" sideWeight="0.5692675" order="14" side_tool="true" content_ui="tabs" />
      <window_info id="Node Explorer" active="false" anchor="bottom" auto_hide="false" internal_type="DOCKED" type="DOCKED" visible="false" weight="0.32986626" sideWeight="0.5" order="15" side_tool="false" content_ui="tabs" />
      <window_info id="Decision Table Verification (Yices)" active="false" anchor="right" auto_hide="false" internal_type="DOCKED" type="DOCKED" visible="false" weight="0.33" sideWeight="0.5" order="5" side_tool="false" content_ui="tabs" />
      <window_info id="Typesystem Trace" active="false" anchor="right" auto_hide="false" internal_type="DOCKED" type="DOCKED" visible="false" weight="0.33" sideWeight="0.5" order="6" side_tool="false" content_ui="tabs" />
      <window_info id="Typechecker State" active="false" anchor="bottom" auto_hide="false" internal_type="DOCKED" type="DOCKED" visible="false" weight="0.33" sideWeight="0.5" order="16" side_tool="false" content_ui="tabs" />
      <window_info id="mbeddr TODO" active="false" anchor="bottom" auto_hide="false" internal_type="DOCKED" type="DOCKED" visible="false" weight="0.33" sideWeight="0.5" order="18" side_tool="false" content_ui="tabs" />
      <window_info id="Dependencies Viewer" active="false" anchor="bottom" auto_hide="false" internal_type="DOCKED" type="DOCKED" visible="false" weight="0.33" sideWeight="0.5" order="17" side_tool="false" content_ui="tabs" />
      <window_info id="Debug" active="false" anchor="bottom" auto_hide="false" internal_type="DOCKED" type="DOCKED" visible="false" weight="0.4" sideWeight="0.5" order="26" side_tool="false" content_ui="tabs" />
      <window_info id="Verification (CBMC)" active="false" anchor="right" auto_hide="false" internal_type="DOCKED" type="DOCKED" visible="false" weight="0.33" sideWeight="0.5" order="7" side_tool="false" content_ui="tabs" />
      <window_info id="Messages" active="false" anchor="bottom" auto_hide="false" internal_type="DOCKED" type="DOCKED" visible="true" weight="0.21991085" sideWeight="0.4307325" order="19" side_tool="false" content_ui="tabs" />
      <window_info id="Structure" active="false" anchor="left" auto_hide="false" internal_type="DOCKED" type="DOCKED" visible="false" weight="0.24979724" sideWeight="0.79643387" order="1" side_tool="false" content_ui="tabs" />
      <window_info id="Module Dependencies" active="false" anchor="bottom" auto_hide="false" internal_type="DOCKED" type="DOCKED" visible="false" weight="0.33" sideWeight="0.5" order="20" side_tool="false" content_ui="tabs" />
      <window_info id="Class Hierarchy" active="false" anchor="right" auto_hide="false" internal_type="DOCKED" type="DOCKED" visible="false" weight="0.33" sideWeight="0.5" order="8" side_tool="false" content_ui="tabs" />
      <window_info id="Cell Explorer" active="false" anchor="bottom" auto_hide="false" internal_type="DOCKED" type="DOCKED" visible="false" weight="0.33" sideWeight="0.5" order="21" side_tool="false" content_ui="tabs" />
      <window_info id="Ant Build" active="false" anchor="right" auto_hide="false" internal_type="DOCKED" type="DOCKED" visible="false" weight="0.25" sideWeight="0.5" order="11" side_tool="false" content_ui="tabs" />
      <window_info id="Cvs" active="false" anchor="bottom" auto_hide="false" internal_type="DOCKED" type="DOCKED" visible="false" weight="0.25" sideWeight="0.5" order="27" side_tool="false" content_ui="tabs" />
      <window_info id="Message" active="false" anchor="bottom" auto_hide="false" internal_type="DOCKED" type="DOCKED" visible="false" weight="0.33" sideWeight="0.5" order="23" side_tool="false" content_ui="tabs" />
      <window_info id="Find" active="false" anchor="bottom" auto_hide="false" internal_type="DOCKED" type="DOCKED" visible="false" weight="0.33" sideWeight="0.5" order="24" side_tool="false" content_ui="tabs" />
      <window_info id="Commander" active="false" anchor="right" auto_hide="false" internal_type="SLIDING" type="SLIDING" visible="false" weight="0.4" sideWeight="0.5" order="10" side_tool="false" content_ui="tabs" />
      <window_info id="Inspection" active="false" anchor="bottom" auto_hide="false" internal_type="DOCKED" type="DOCKED" visible="false" weight="0.4" sideWeight="0.5" order="28" side_tool="false" content_ui="tabs" />
    </layout>
  </component>
  <component name="UsagesViewTool">
    <version id="0.9997" />
    <tabs />
    <default_view_options>
      <options category_option="false" module_option="true" model_option="true" root_option="true" path_option="false" count_option="true" info_option="true" view_searched_nodes_option="true" group_searched_nodes_option="true" autoscroll_option="false" />
    </default_view_options>
  </component>
  <component name="VcsContentAnnotationSettings">
    <option name="myLimit" value="2678400000" />
  </component>
  <component name="VcsManagerConfiguration">
    <option name="OFFER_MOVE_TO_ANOTHER_CHANGELIST_ON_PARTIAL_COMMIT" value="true" />
    <option name="CHECK_CODE_SMELLS_BEFORE_PROJECT_COMMIT" value="true" />
    <option name="CHECK_NEW_TODO" value="true" />
    <option name="myTodoPanelSettings">
      <value>
        <are-packages-shown value="false" />
        <are-modules-shown value="false" />
        <flatten-packages value="false" />
        <is-autoscroll-to-source value="false" />
      </value>
    </option>
    <option name="PERFORM_UPDATE_IN_BACKGROUND" value="true" />
    <option name="PERFORM_COMMIT_IN_BACKGROUND" value="true" />
    <option name="PERFORM_EDIT_IN_BACKGROUND" value="true" />
    <option name="PERFORM_CHECKOUT_IN_BACKGROUND" value="true" />
    <option name="PERFORM_ADD_REMOVE_IN_BACKGROUND" value="true" />
    <option name="PERFORM_ROLLBACK_IN_BACKGROUND" value="false" />
    <option name="CHECK_LOCALLY_CHANGED_CONFLICTS_IN_BACKGROUND" value="false" />
    <option name="CHANGED_ON_SERVER_INTERVAL" value="60" />
    <option name="SHOW_ONLY_CHANGED_IN_SELECTION_DIFF" value="true" />
    <option name="CHECK_COMMIT_MESSAGE_SPELLING" value="true" />
    <option name="DEFAULT_PATCH_EXTENSION" value="patch" />
    <option name="SHORT_DIFF_HORIZONTALLY" value="true" />
    <option name="SHORT_DIFF_EXTRA_LINES" value="2" />
    <option name="SOFT_WRAPS_IN_SHORT_DIFF" value="true" />
    <option name="INCLUDE_TEXT_INTO_PATCH" value="false" />
    <option name="INCLUDE_TEXT_INTO_SHELF" value="false" />
    <option name="SHOW_FILE_HISTORY_DETAILS" value="true" />
    <option name="SHOW_VCS_ERROR_NOTIFICATIONS" value="true" />
    <option name="SHOW_DIRTY_RECURSIVELY" value="false" />
    <option name="LIMIT_HISTORY" value="true" />
    <option name="MAXIMUM_HISTORY_ROWS" value="1000" />
    <option name="UPDATE_FILTER_SCOPE_NAME" />
    <option name="USE_COMMIT_MESSAGE_MARGIN" value="false" />
    <option name="COMMIT_MESSAGE_MARGIN_SIZE" value="72" />
    <option name="WRAP_WHEN_TYPING_REACHES_RIGHT_MARGIN" value="false" />
    <option name="FORCE_NON_EMPTY_COMMENT" value="false" />
    <option name="CLEAR_INITIAL_COMMIT_MESSAGE" value="false" />
    <option name="LAST_COMMIT_MESSAGE" />
    <option name="MAKE_NEW_CHANGELIST_ACTIVE" value="false" />
    <option name="OPTIMIZE_IMPORTS_BEFORE_PROJECT_COMMIT" value="false" />
    <option name="CHECK_FILES_UP_TO_DATE_BEFORE_COMMIT" value="false" />
    <option name="REFORMAT_BEFORE_PROJECT_COMMIT" value="false" />
    <option name="REFORMAT_BEFORE_FILE_COMMIT" value="false" />
    <option name="FILE_HISTORY_DIALOG_COMMENTS_SPLITTER_PROPORTION" value="0.8" />
    <option name="FILE_HISTORY_DIALOG_SPLITTER_PROPORTION" value="0.5" />
    <option name="ACTIVE_VCS_NAME" />
    <option name="UPDATE_GROUP_BY_PACKAGES" value="false" />
    <option name="UPDATE_GROUP_BY_CHANGELIST" value="false" />
    <option name="UPDATE_FILTER_BY_SCOPE" value="false" />
    <option name="SHOW_FILE_HISTORY_AS_TREE" value="false" />
    <option name="FILE_HISTORY_SPLITTER_PROPORTION" value="0.6" />
  </component>
  <component name="editorHistoryManager">
    <entry file="mps://node://jetbrains.mps.baseLanguage/jetbrains.mps.baseLanguage.structure/IMethodLike">
      <provider selected="true" editor-type-id="MPSFileEditor">
        <state class="jetbrains.mps.ide.editorTabs.TabbedEditor$TabbedEditorState">
          <memento viewPositionX="0" viewPositionY="0">
            <selectionStack>
              <stackElement className="jetbrains.mps.nodeEditor.selection.EditorCellLabelSelection">
                <property name="hasNonTrivialSelection" value="false" />
                <property name="caretXRelative" value="0" />
                <property name="caretX" value="155" />
                <property name="sideSelectDirection" value="NONE" />
                <cellInfo cellId="TransactionalProperty_7v1nzk_b0a" cellNumber="0" isInList="false">
                  <node node_reference="r:00000000-0000-4000-0000-011c895902ca(jetbrains.mps.baseLanguage.structure)/1239354281271" />
                </cellInfo>
              </stackElement>
              <stackElement className="jetbrains.mps.nodeEditor.selection.EditorCellLabelSelection">
                <property name="selectionEnd" value="11" />
                <property name="hasNonTrivialSelection" value="true" />
                <property name="caretXRelative" value="0" />
                <property name="selectionStart" value="0" />
                <property name="caretX" value="155" />
                <property name="sideSelectDirection" value="NONE" />
                <cellInfo cellId="TransactionalProperty_7v1nzk_b0a" cellNumber="0" isInList="false">
                  <node node_reference="r:00000000-0000-4000-0000-011c895902ca(jetbrains.mps.baseLanguage.structure)/1239354281271" />
                </cellInfo>
              </stackElement>
            </selectionStack>
            <folded />
            <enabledHints />
          </memento>
          <inspectorMemento viewPositionX="0" viewPositionY="0">
            <selectionStack />
            <folded />
            <enabledHints />
          </inspectorMemento>
          <node node_ref="r:00000000-0000-4000-0000-011c895902ca(jetbrains.mps.baseLanguage.structure)/1239354281271" />
        </state>
      </provider>
    </entry>
    <entry file="mps://node://jetbrains.mps.baseLanguage/jetbrains.mps.baseLanguage.structure/ConstructorDeclaration">
      <provider selected="true" editor-type-id="MPSFileEditor">
        <state class="jetbrains.mps.ide.editorTabs.TabbedEditor$TabbedEditorState">
          <memento viewPositionX="0" viewPositionY="611">
            <selectionStack />
            <folded />
            <enabledHints />
          </memento>
          <inspectorMemento viewPositionX="0" viewPositionY="0">
            <selectionStack />
            <folded />
            <enabledHints />
          </inspectorMemento>
          <node node_ref="r:00000000-0000-4000-0000-011c895902c4(jetbrains.mps.baseLanguage.findUsages)/1204121124763" />
        </state>
      </provider>
    </entry>
    <entry file="mps://node://jetbrains.mps.baseLanguage/jetbrains.mps.baseLanguage.structure/IVisible">
      <provider selected="true" editor-type-id="MPSFileEditor">
        <state class="jetbrains.mps.ide.editorTabs.TabbedEditor$TabbedEditorState">
          <memento viewPositionX="0" viewPositionY="0">
            <selectionStack>
              <stackElement className="jetbrains.mps.nodeEditor.selection.EditorCellLabelSelection">
                <property name="hasNonTrivialSelection" value="false" />
                <property name="caretXRelative" value="48" />
                <property name="caretX" value="179" />
                <property name="sideSelectDirection" value="NONE" />
                <cellInfo cellId="property_name" cellNumber="0" isInList="false">
                  <node node_reference="r:00000000-0000-4000-0000-011c895902ca(jetbrains.mps.baseLanguage.structure)/1178549979242" />
                </cellInfo>
              </stackElement>
            </selectionStack>
            <folded />
            <enabledHints />
          </memento>
          <inspectorMemento viewPositionX="0" viewPositionY="0">
            <selectionStack />
            <folded />
            <enabledHints />
          </inspectorMemento>
          <node node_ref="r:00000000-0000-4000-0000-011c895902ca(jetbrains.mps.baseLanguage.structure)/1178549954367" />
        </state>
      </provider>
    </entry>
    <entry file="mps://node://jetbrains.mps.baseLanguage/jetbrains.mps.baseLanguage.structure/BaseMethodDeclaration">
      <provider selected="true" editor-type-id="MPSFileEditor">
        <state class="jetbrains.mps.ide.editorTabs.TabbedEditor$TabbedEditorState">
          <memento viewPositionX="0" viewPositionY="0">
            <selectionStack>
              <stackElement className="jetbrains.mps.nodeEditor.selection.EditorCellLabelSelection">
                <property name="hasNonTrivialSelection" value="false" />
                <property name="caretXRelative" value="56" />
                <property name="caretX" value="471" />
                <property name="sideSelectDirection" value="NONE" />
                <cellInfo cellId="property_name" cellNumber="0" isInList="false">
                  <node node_reference="r:00000000-0000-4000-0000-011c895902ca(jetbrains.mps.baseLanguage.structure)/1239354639098" />
                </cellInfo>
              </stackElement>
            </selectionStack>
            <folded />
            <enabledHints />
          </memento>
          <inspectorMemento viewPositionX="0" viewPositionY="0">
            <selectionStack />
            <folded />
            <enabledHints />
          </inspectorMemento>
          <node node_ref="r:00000000-0000-4000-0000-011c895902ca(jetbrains.mps.baseLanguage.structure)/1068580123132" />
        </state>
      </provider>
    </entry>
    <entry file="mps://node://jetbrains.mps.baseLanguage/jetbrains.mps.baseLanguage.structure/Visibility">
      <provider selected="true" editor-type-id="MPSFileEditor">
        <state class="jetbrains.mps.ide.editorTabs.TabbedEditor$TabbedEditorState">
          <memento viewPositionX="0" viewPositionY="0">
            <selectionStack />
            <folded />
            <enabledHints />
          </memento>
          <inspectorMemento viewPositionX="0" viewPositionY="0">
            <selectionStack />
            <folded />
            <enabledHints />
          </inspectorMemento>
          <node node_ref="r:c6eeedda-084d-4659-9c4d-80b7768f2bb2(jetbrains.mps.baseLanguage.textGen)/1235149549592" />
        </state>
      </provider>
    </entry>
    <entry file="mps://node://jetbrains.mps.baseLanguage/jetbrains.mps.baseLanguage.structure/StringLiteral">
      <provider selected="true" editor-type-id="MPSFileEditor">
        <state class="jetbrains.mps.ide.editorTabs.TabbedEditor$TabbedEditorState">
          <memento viewPositionX="0" viewPositionY="0">
            <selectionStack>
              <stackElement className="jetbrains.mps.nodeEditor.selection.EditorCellLabelSelection">
                <property name="hasNonTrivialSelection" value="false" />
                <property name="caretXRelative" value="0" />
                <property name="caretX" value="15" />
                <property name="sideSelectDirection" value="NONE" />
                <cellInfo cellId="Constant_ueqr71_c0a" cellNumber="0" isInList="false">
                  <node node_reference="r:00000000-0000-4000-0000-011c895902ca(jetbrains.mps.baseLanguage.structure)/1070475926800" />
                </cellInfo>
              </stackElement>
            </selectionStack>
            <folded />
            <enabledHints />
          </memento>
          <inspectorMemento viewPositionX="0" viewPositionY="0">
            <selectionStack />
            <folded />
            <enabledHints />
          </inspectorMemento>
          <node node_ref="r:00000000-0000-4000-0000-011c895902ca(jetbrains.mps.baseLanguage.structure)/1070475926800" />
        </state>
      </provider>
    </entry>
    <entry file="mps://node://Singleton.sandbox/Singleton.sandbox/NewTestFactory">
      <provider selected="true" editor-type-id="MPSFileEditor">
        <state class="jetbrains.mps.ide.editor.BaseNodeEditor$BaseEditorState">
          <memento viewPositionX="0" viewPositionY="0">
            <selectionStack>
              <stackElement className="jetbrains.mps.nodeEditor.selection.EditorCellLabelSelection">
                <property name="hasNonTrivialSelection" value="false" />
                <property name="caretXRelative" value="104" />
                <property name="caretX" value="119" />
                <property name="sideSelectDirection" value="NONE" />
                <cellInfo cellId="Constant_uiib9y_a0" cellNumber="0" isInList="false">
                  <node node_reference="r:6f076065-7ced-4969-b762-33ac7955c9d8(Singleton.sandbox)/6109676433664987586" />
                </cellInfo>
              </stackElement>
            </selectionStack>
            <folded />
            <enabledHints />
          </memento>
          <inspectorMemento viewPositionX="0" viewPositionY="0">
            <selectionStack />
            <folded />
            <enabledHints />
          </inspectorMemento>
        </state>
      </provider>
    </entry>
    <entry file="mps://node://jetbrains.mps.baseLanguage.collections/jetbrains.mps.baseLanguage.collections.structure/HashMapCreator">
      <provider selected="true" editor-type-id="MPSFileEditor">
        <state class="jetbrains.mps.ide.editorTabs.TabbedEditor$TabbedEditorState">
          <memento viewPositionX="0" viewPositionY="0">
            <selectionStack>
              <stackElement className="jetbrains.mps.nodeEditor.selection.EditorCellLabelSelection">
                <property name="hasNonTrivialSelection" value="false" />
                <property name="caretXRelative" value="8" />
                <property name="caretX" value="299" />
                <property name="sideSelectDirection" value="NONE" />
                <cellInfo cellId="Constant_6h6dhy_e2a" cellNumber="0" isInList="false">
                  <node node_reference="r:00000000-0000-4000-0000-011c8959032e(jetbrains.mps.baseLanguage.collections.structure)/1206655950512" />
                </cellInfo>
              </stackElement>
            </selectionStack>
            <folded />
            <enabledHints />
          </memento>
          <inspectorMemento viewPositionX="0" viewPositionY="0">
            <selectionStack />
            <folded />
            <enabledHints />
          </inspectorMemento>
          <node node_ref="r:00000000-0000-4000-0000-011c8959032e(jetbrains.mps.baseLanguage.collections.structure)/1197686869805" />
        </state>
      </provider>
    </entry>
    <entry file="mps://node://Singleton/Singleton.structure/SingletonFactory">
      <provider selected="true" editor-type-id="MPSFileEditor">
        <state class="jetbrains.mps.ide.editorTabs.TabbedEditor$TabbedEditorState">
          <memento viewPositionX="0" viewPositionY="0">
            <selectionStack />
            <folded />
            <enabledHints />
          </memento>
          <inspectorMemento viewPositionX="0" viewPositionY="0">
            <selectionStack />
            <folded />
            <enabledHints />
          </inspectorMemento>
          <node node_ref="r:f007d472-b245-4dac-a43d-8e60e9d4c219(Singleton.generator.template.main@generator)/6109676433665017689" />
        </state>
      </provider>
    </entry>
    <entry file="mps://node://Singleton.sandbox/Singleton.sandbox/TestSingleton">
      <provider selected="true" editor-type-id="MPSFileEditor">
        <state class="jetbrains.mps.ide.editor.BaseNodeEditor$BaseEditorState">
          <memento viewPositionX="0" viewPositionY="0">
            <selectionStack>
              <stackElement className="jetbrains.mps.nodeEditor.selection.EditorCellLabelSelection">
                <property name="hasNonTrivialSelection" value="false" />
                <property name="caretXRelative" value="8" />
                <property name="caretX" value="177" />
                <property name="sideSelectDirection" value="NONE" />
                <cellInfo cellId="Constant_arlg9k_c0" cellNumber="0" isInList="false">
                  <node node_reference="r:6f076065-7ced-4969-b762-33ac7955c9d8(Singleton.sandbox)/6109676433665453922" />
                </cellInfo>
              </stackElement>
            </selectionStack>
            <folded />
            <enabledHints />
          </memento>
          <inspectorMemento viewPositionX="0" viewPositionY="-5">
            <selectionStack />
            <folded />
            <enabledHints />
          </inspectorMemento>
        </state>
      </provider>
    </entry>
  </component>
</project>

